name,ours_ms,presolve_total,phases_wall,other_ms,pre_scaling,pre_reduce_equalities,pre_reduce_inequalities,pre_propagate,pre_dualfix,pre_rowsingleton,pre_doubleton,pre_colsingleton,ph_btran(rho_p),ph_price,ph_chuzr,ph_chuzc1,ph_bfrt,ph_ftran,ph_dse_update,ph_dual_update,ph_ft_update,ph_refactor
25fv47,459.14960000663996,33.589,423.343,2.217600006639941,1.3239999999999998,3.313,0.958,6.848,0.29900000000000004,1.4420000000000002,11.27,2.673,45.414,35.463,28.244,37.486,24.162,94.869,2.75,3.601,68.188,32.033
adlittle,3.8650000060442835,1.996,0.993,0.8760000060442835,0.084,0.187,0.111,0.193,0.006,0.028,0.249,0.07300000000000001,0.085,0.043,0.077,0.098,0.044,0.218,0.015,0.008,0.21,0.048
afiro,2.395500021521002,1.266,0.078,1.051500021521002,0.031,0.052,0.03,0.057999999999999996,0.003,0.009000000000000001,0.06,0.023,0.003,0.002,0.005,0.004,0.004,0.006,0.001,0.0,0.008,0.026
agg,7.110100006684661,4.502,1.508,1.1001000066846611,0.22599999999999998,0.147,0.309,0.645,0.018,0.08299999999999999,1.005,0.214,0.114,0.035,0.261,0.047,0.027,0.323,0.03,0.005,0.261,0.117
agg2,8.88670000131242,3.925,2.825,2.1367000013124198,0.348,0.296,0.451,0.651,0.013000000000000001,0.055,0.796,0.16499999999999998,0.233,0.051,0.575,0.055,0.031,0.526,0.063,0.007,0.509,0.168
agg3,8.107900008326396,3.869,3.107,1.1319000083263964,0.34199999999999997,0.283,0.489,0.687,0.016,0.06,0.817,0.181,0.258,0.058,0.628,0.066,0.023,0.598,0.069,0.009,0.577,0.166
bandm,25.089900009334087,11.159,12.044,1.8869000093340862,0.315,1.558,0.208,1.7109999999999999,0.093,0.29,2.8770000000000002,0.6430000000000001,1.189,0.548,1.083,0.886,0.484,2.898,0.117,0.082,2.168,0.99
beaconfd,8.160500001395121,5.959,0.966,1.2355000013951216,0.29400000000000004,2.341,0.131,0.41000000000000003,0.021,0.164,0.9899999999999999,0.23199999999999998,0.073,0.03,0.104,0.049,0.019,0.176,0.012,0.007,0.188,0.068
blend,3.0922000005375594,1.607,0.823,0.6622000005375595,0.072,0.166,0.066,0.126,0.006,0.028999999999999998,0.189,0.054,0.064,0.029,0.084,0.058,0.034,0.167,0.011,0.006,0.2,0.046
bnl1,90.7438000140246,13.449,74.975,2.319800014024608,0.706,1.585,0.832,2.191,0.082,0.34400000000000003,4.369,0.8710000000000001,8.028,4.048,6.744,5.872,3.315,19.909,0.742,0.623,13.677,2.911
boeing1,19.34209998580627,4.094,13.372,1.8760999858062704,0.34299999999999997,0.146,0.554,0.83,0.020999999999999998,0.011,0.843,0.178,1.324,0.385,1.587,0.537,0.31,3.728,0.162,0.055,2.615,0.908
boeing2,5.620599986286834,2.156,1.419,2.0455999862868337,0.122,0.06,0.17,0.325,0.008,0.006,0.325,0.07400000000000001,0.11,0.044,0.2,0.071,0.04,0.345,0.023,0.009,0.26,0.086
bore3d,9.170800010906532,7.499,0.762,0.9098000109065327,0.23199999999999998,0.812,0.152,0.827,0.045,0.29100000000000004,1.687,0.4649999999999999,0.047,0.033,0.102,0.045,0.024,0.121,0.013,0.006,0.135,0.082
brandy,17.009300005156547,3.912,11.551,1.5463000051565476,0.21000000000000002,1.277,0.14,0.328,0.015,0.151,0.669,0.185,1.225,0.72,0.653,1.091,0.596,2.799,0.079,0.099,2.204,0.791
capri,9.713600011309609,4.838,3.444,1.4316000113096088,0.232,0.655,0.239,0.44999999999999996,0.015,0.146,1.2060000000000002,0.318,0.357,0.091,0.557,0.119,0.053,0.786,0.067,0.016,0.737,0.12
cycle,93.9049000153318,31.553,57.967,4.384900015331809,2.225,6.546,1.798,4.585999999999999,0.14300000000000002,1.248,8.014999999999999,2.821,4.214,1.223,10.381,1.298,0.832,9.922,1.174,0.181,7.877,4.714
degen2,39.01829998358153,7.27,30.481,1.2672999835815268,0.362,1.769,0.506,1.148,0.048,0.14,1.5979999999999999,0.343,3.619,1.572,2.582,1.901,1.063,8.29,0.265,0.203,6.115,1.233
degen3,585.6389999971725,33.765,548.172,3.701999997172493,1.653,9.002,2.684,6.064,0.255,0.313,7.726,1.484,62.12,27.679,42.382,29.964,17.105,119.504,4.163,3.031,91.928,74.134
e226,11.919199983822182,4.356,6.438,1.1251999838221822,0.245,0.515,0.279,0.659,0.026999999999999996,0.093,0.9349999999999999,0.194,0.716,0.291,0.525,0.421,0.258,1.802,0.058,0.039,1.396,0.091
etamacro,31.321999995270744,6.487,22.337,2.4979999952707423,0.334,0.596,0.399,1.0930000000000002,0.028000000000000004,0.12899999999999998,1.522,0.44400000000000006,2.316,0.623,2.897,1.051,0.624,5.715,0.301,0.114,4.251,1.264
fffff800,51.24150001211092,16.352,32.775,2.1145000121109163,0.5760000000000001,5.266,0.49,1.512,0.07100000000000001,0.742,4.077,0.9369999999999999,3.366,1.361,3.846,1.369,0.676,7.79,0.406,0.185,6.383,2.196
finnis,12.157599994679913,5.357,5.348,1.4525999946799129,0.34299999999999997,0.139,0.5,1.303,0.036,0.019000000000000003,1.1640000000000001,0.304,0.491,0.117,1.062,0.163,0.09,1.209,0.118,0.022,1.038,0.197
fit1d,13.766799995210022,8.054,2.808,2.9047999952100216,0.8300000000000001,0.395,1.66,1.708,0.032,0.051000000000000004,1.827,0.229,0.034,0.427,0.026,0.621,0.706,0.121,0.005,0.06,0.099,0.041
fit1p,392.0695999986492,77.235,311.169,3.6655999986492134,1.0070000000000001,44.564,0.803,8.737,0.6259999999999999,0.307,10.748000000000001,2.036,20.676,1.66,17.398,1.223,0.602,49.534,1.632,0.2,33.371,161.983
forplan,18.659800000023097,12.415,4.506,1.7388000000230974,0.317,1.74,0.207,1.4580000000000002,0.060999999999999985,0.7080000000000002,4.087,0.9319999999999998,0.318,0.492,0.284,0.589,0.421,0.694,0.038,0.056,0.7,0.084
ganges,60.170400014612824,19.435,38.951,1.784400014612821,0.875,4.214,0.662,2.6180000000000003,0.09499999999999999,0.9339999999999999,5.308,1.6069999999999998,3.593,0.632,10.435,0.442,0.209,7.611,0.978,0.074,7.142,2.897
grow15,110.51060000318103,9.483,99.746,1.2816000031810262,0.452,2.226,0.24,0.9450000000000002,0.038,0.626,2.7760000000000002,0.673,12.229,4.447,6.575,5.571,3.334,27.09,0.606,0.548,18.305,11.166
grow22,232.64100000960752,13.873,216.852,1.9160000096075294,0.646,3.375,0.39,1.3599999999999999,0.05499999999999999,0.9720000000000001,4.058,0.9179999999999999,28.656,8.452,15.947,9.909,5.509,58.591,1.492,1.061,39.867,24.143
grow7,20.91419999487698,5.335,14.566,1.0131999948769792,0.20900000000000002,1.043,0.121,0.5329999999999999,0.024,0.312,1.431,0.329,1.715,0.748,0.966,0.944,0.52,3.94,0.1,0.095,2.866,1.224
israel,5.448899988550693,2.406,1.93,1.1128999885506927,0.173,0.003,0.259,0.42700000000000005,0.012,0.004,0.579,0.064,0.192,0.074,0.179,0.121,0.077,0.424,0.022,0.013,0.419,0.1
kb2,3.4321999992243946,2.078,0.232,1.1221999992243947,0.054,0.082,0.053,0.146,0.007,0.016,0.186,0.046,0.013,0.008,0.019,0.016,0.012,0.036,0.004,0.002,0.04,0.037
lotfi,7.8581999987363815,5.031,1.794,1.0331999987363818,0.16999999999999998,0.529,0.196,0.622,0.018000000000000002,0.119,0.929,0.259,0.158,0.051,0.258,0.094,0.051,0.43,0.031,0.01,0.35,0.087
maros,106.69549999875017,30.282,74.539,1.8744999987501672,1.058,1.884,1.161,7.342999999999999,0.25899999999999995,0.653,9.184999999999999,2.225,7.211,3.747,8.315,4.516,3.192,17.401,0.844,0.48,12.173,4.686
modszk1,122.58649998693727,13.096,106.754,2.736499986937261,0.6799999999999999,4.164,0.634,1.968,0.052000000000000005,0.242,2.4269999999999996,0.782,11.726,4.325,12.863,5.57,4.769,30.532,1.383,0.822,20.109,7.594
nesm,326.69290000922047,72.278,250.293,4.12190000922044,1.365,29.135,1.506,10.786,0.34199999999999997,0.5730000000000001,14.040000000000001,2.964,20.756,9.504,29.859,14.579,10.424,54.884,3.196,1.897,36.312,13.251
perold,155.9445000020787,23.4,130.675,1.869500002078695,0.76,2.15,0.8,4.099,0.142,0.9949999999999998,7.656999999999999,1.998,13.991,7.653,9.51,12.554,9.601,29.626,1.007,1.546,20.472,12.744
pilot4,58.358400012366474,16.478,40.321,1.5594000123664742,0.5529999999999999,1.261,0.665,3.1040000000000005,0.08999999999999998,0.5559999999999999,5.510999999999999,1.307,4.664,2.685,2.947,3.632,2.783,10.178,0.316,0.405,7.042,2.197
pilotnov,216.31849999539554,51.792,162.019,2.507499995395534,1.313,10.275,1.143,8.895999999999999,0.276,2.0140000000000002,13.750000000000002,3.387,16.191,11.427,13.013,14.312,8.953,34.109,1.374,1.579,24.032,17.808
recipe,4.632399999536574,3.239,0.196,1.197399999536574,0.094,0.202,0.101,0.361,0.013999999999999999,0.07500000000000001,0.466,0.146,0.009,0.003,0.021,0.006,0.006,0.022,0.004,0.001,0.022,0.055
sc105,5.9738999989349395,4.46,0.485,1.0288999989349397,0.065,0.099,0.086,0.476,0.010000000000000002,0.04100000000000001,0.5559999999999999,0.199,0.037,0.021,0.065,0.025,0.008,0.084,0.01,0.006,0.089,0.056
sc205,9.045699989655986,5.471,2.232,1.3426999896559861,0.118,0.175,0.19,0.817,0.022000000000000006,0.07800000000000001,1.027,0.31200000000000006,0.231,0.099,0.322,0.129,0.039,0.491,0.043,0.024,0.487,0.107
sc50a,3.3748999994713813,2.327,0.211,0.8368999994713814,0.042,0.066,0.054,0.174,0.007,0.024,0.19999999999999998,0.062000000000000006,0.011,0.008,0.015,0.015,0.012,0.025,0.004,0.002,0.03,0.051
sc50b,4.398300021421164,2.982,0.218,1.198300021421164,0.05,0.087,0.097,0.189,0.007,0.019999999999999997,0.22999999999999998,0.06999999999999999,0.013,0.009,0.019,0.017,0.013,0.026,0.004,0.003,0.035,0.04
scagr25,15.020699996966869,9.585,4.181,1.2546999969668677,0.245,0.643,0.267,1.564,0.04600000000000001,0.25700000000000006,2.567,0.642,0.401,0.107,0.862,0.17,0.116,0.998,0.091,0.023,0.78,0.155
scagr7,4.008999996585771,2.45,0.592,0.9669999965857713,0.08,0.222,0.08,0.234,0.008,0.034,0.301,0.089,0.035,0.019,0.07,0.034,0.024,0.095,0.01,0.004,0.162,0.051
scfxm1,23.374499985948205,14.319,7.955,1.100499985948204,0.44199999999999995,1.044,0.473,2.381,0.09100000000000001,0.565,3.946,1.0919999999999999,0.762,0.221,1.179,0.261,0.12,1.75,0.124,0.03,1.502,0.742
scfxm2,49.90600000019185,18.801,29.417,1.6880000001918525,0.5960000000000001,1.579,0.64,3.423,0.16300000000000003,0.7010000000000001,5.991,1.4989999999999999,2.744,0.737,5.268,0.829,0.405,5.848,0.528,0.101,5.094,2.579
scfxm3,91.45579999312758,27.736,61.383,2.3367999931275776,0.8380000000000001,3.859,0.813,4.925000000000001,0.16399999999999998,1.014,8.912,2.0260000000000002,5.859,1.35,11.687,1.218,0.598,11.816,1.193,0.151,10.925,5.476
scorpion,9.865200001513585,5.281,3.013,1.5712000015135859,0.214,0.546,0.179,0.596,0.025,0.212,1.3090000000000002,0.32499999999999996,0.311,0.077,0.546,0.103,0.033,0.668,0.061,0.014,0.663,0.122
scrs8,34.91570000187494,16.183,17.466,1.2667000018749377,0.508,1.986,0.548,2.567,0.066,0.7270000000000001,4.494,1.354,1.896,0.602,2.807,0.985,0.705,3.853,0.318,0.129,3.375,0.646
scsd1,10.388099995907396,5.963,2.505,1.920099995907396,0.32499999999999996,0.876,0.323,0.7949999999999999,0.016,0.23,1.41,0.4,0.125,0.222,0.093,0.412,0.347,0.267,0.014,0.057,0.291,0.116
scsd6,31.31089999806136,8.204,14.072,9.03489999806136,0.616,1.7,0.574,1.062,0.028999999999999998,0.33999999999999997,1.8410000000000002,0.5609999999999999,0.994,1.123,0.696,2.141,1.799,2.097,0.082,0.305,1.9,0.614
scsd8,314.07530000433326,67.449,243.743,2.8833000043332504,1.204,51.376,1.159,3.1390000000000002,0.062,1.391,3.8259999999999996,1.2480000000000002,22.014,18.729,13.476,34.575,34.868,45.839,1.483,4.886,34.722,8.793
sctap1,15.673699992476031,6.767,7.304,1.6026999924760315,0.229,0.265,0.374,1.301,0.028999999999999998,0.046,1.855,0.39999999999999997,0.845,0.211,0.799,0.371,0.172,2.155,0.095,0.062,1.677,0.138
sctap2,38.90250000404194,16.474,19.945,2.4835000040419395,0.879,1.337,1.61,4.031000000000001,0.07300000000000001,0.061000000000000006,4.058000000000001,0.9650000000000001,1.609,0.388,3.959,0.521,0.348,5.026,0.454,0.067,3.497,1.393
sctap3,58.66689997492358,21.046,33.307,4.313899974923579,1.138,1.948,1.818,5.319,0.14300000000000002,0.062000000000000006,5.194,1.049,2.748,0.652,7.37,0.739,0.468,7.796,0.851,0.105,5.926,1.995
seba,13.586699991719797,10.772,1.502,1.312699991719797,0.538,4.107,0.487,1.378,0.054000000000000006,0.139,1.72,0.53,0.116,0.027,0.293,0.027,0.01,0.304,0.035,0.006,0.271,0.129
share1b,6.546699994942173,3.275,1.604,1.6676999949421734,0.16299999999999998,1.057,0.144,0.268,0.009000000000000001,0.07100000000000001,0.433,0.132,0.13,0.069,0.186,0.126,0.07,0.351,0.021,0.012,0.299,0.068
share2b,6.331999989924952,4.665,0.672,0.9949999899249523,0.079,0.076,0.107,0.5329999999999999,0.014000000000000005,0.04200000000000001,0.7100000000000002,0.15200000000000002,0.052,0.024,0.085,0.036,0.022,0.132,0.011,0.004,0.135,0.06
shell,78.11430000583641,48.101,27.398,2.6153000058364135,0.745,35.397,0.685,2.799,0.08499999999999999,0.32699999999999996,3.875,1.119,2.458,0.974,4.668,1.415,0.585,5.439,0.529,0.201,5.134,1.739
ship04l,68.01809999160469,53.129,12.377,2.5120999916046873,0.9259999999999999,43.586,1.298,1.94,0.035,0.326,2.548,0.711,1.092,0.359,2.258,0.541,0.182,1.945,0.218,0.095,2.268,0.622
ship04s,31.633300008252263,23.486,6.668,1.4793000082522623,0.651,17.244,0.724,1.236,0.020999999999999998,0.2,1.754,0.477,0.619,0.216,1.03,0.344,0.104,1.161,0.108,0.057,1.312,0.363
ship08s,73.78820001031272,58.748,12.587,2.453200010312724,1.016,47.999,1.265,2.487,0.047,0.33,2.8040000000000003,0.764,1.0,0.497,2.129,0.834,0.256,2.015,0.213,0.127,2.11,0.652
ship12s,98.04539999458939,80.823,14.307,2.9153999945893947,1.154,66.746,1.429,2.7640000000000002,0.053000000000000005,0.583,4.098,1.092,1.095,0.568,2.608,0.88,0.196,2.221,0.254,0.151,2.346,0.703
sierra,62.491699995007366,36.253,22.768,3.470699995007365,0.9530000000000001,21.695,1.331,3.169,0.063,0.514,4.723,1.262,1.775,0.449,5.53,0.362,0.115,4.536,0.632,0.062,3.826,1.737
stair,32.13569999206811,9.287,20.422,2.4266999920681123,0.358,0.618,0.439,1.524,0.052,0.269,2.886,0.583,2.367,1.241,1.632,1.114,0.788,4.822,0.163,0.151,3.954,2.393
standata,9.739800007082522,7.168,0.64,1.9318000070825216,0.452,0.895,0.61,1.021,0.019,0.16399999999999998,1.916,0.358,0.032,0.011,0.108,0.017,0.012,0.08,0.014,0.002,0.07,0.157
standgub,9.023499995237216,6.362,0.659,2.0024999952372164,0.504,0.949,0.616,1.1030000000000002,0.023,0.11399999999999999,1.359,0.388,0.033,0.012,0.109,0.018,0.015,0.083,0.014,0.002,0.071,0.156
standmps,11.629299988271669,6.554,3.795,1.2802999882716684,0.496,1.277,0.556,1.006,0.019000000000000003,0.177,1.4300000000000002,0.389,0.332,0.086,0.797,0.146,0.091,0.672,0.094,0.019,0.674,0.208
stocfor1,4.765100020449609,2.803,0.881,1.0811000204496086,0.075,0.364,0.097,0.222,0.008,0.051000000000000004,0.42000000000000004,0.101,0.065,0.027,0.1,0.053,0.031,0.197,0.018,0.007,0.165,0.085
stocfor2,185.2626999898348,20.616,161.744,2.902699989834815,1.07,2.791,1.342,3.519,0.06299999999999999,0.942,5.807,1.475,15.204,2.64,38.04,1.789,0.81,37.289,3.792,0.338,30.805,11.347
tuff,23.79619999555871,6.756,14.881,2.1591999955587085,0.381,1.996,0.266,0.659,0.027000000000000003,0.268,1.55,0.406,1.456,0.969,1.225,1.379,1.032,3.14,0.152,0.178,2.743,0.543
wood1p,1030.9128999942914,962.467,61.133,7.312899994291378,4.268,919.175,1.41,3.127,0.28600000000000003,5.682,17.62,5.955,1.955,11.105,0.728,6.334,10.679,3.294,0.092,0.748,2.851,9.491
