error,highs_obj,highs_status,highs_time,n_constraints,n_rows,n_vars,name,nnz,ours_obj,ours_status,ours_time
worker crashed (exit 1): pyo3_runtime.PanicException: incremental reduced-cost update diverged from a fresh recompute: j=3 incremental=0.0010557281869530686 fresh=0.0010709285813450822,,,,,,,25fv47,,,,
worker crashed (exit 1): pyo3_runtime.PanicException: incremental reduced-cost update diverged from a fresh recompute: j=4 incremental=36.48309107262371 fresh=36.483696560745045,,,,,,,adlittle,,,,
worker crashed (exit 1): pyo3_runtime.PanicException: incremental reduced-cost update diverged from a fresh recompute: j=4 incremental=0.000007157278954982757 fresh=-0.000004410556624143846,,,,,,,afiro,,,,
worker crashed (exit 1): pyo3_runtime.PanicException: incremental reduced-cost update diverged from a fresh recompute: j=17 incremental=-1.0032808455818258 fresh=-1.0032914832065256,,,,,,,agg,,,,
worker crashed (exit 1): pyo3_runtime.PanicException: incremental reduced-cost update diverged from a fresh recompute: j=0 incremental=-1.0033680685161068 fresh=-1.003378853937931,,,,,,,agg2,,,,
worker crashed (exit 1): pyo3_runtime.PanicException: incremental reduced-cost update diverged from a fresh recompute: j=0 incremental=-1.0033680685161068 fresh=-1.003381602351853,,,,,,,agg3,,,,
worker crashed (exit 1): pyo3_runtime.PanicException: incremental reduced-cost update diverged from a fresh recompute: j=428 incremental=0.1 fresh=0.09998913255730117,,,,,,,bandm,,,,
worker crashed (exit 1): pyo3_runtime.PanicException: incremental reduced-cost update diverged from a fresh recompute: j=219 incremental=0.2533631995455527 fresh=0.25335231997151936,,,,,,,beaconfd,,,,
worker crashed (exit 1): pyo3_runtime.PanicException: incremental reduced-cost update diverged from a fresh recompute: j=13 incremental=0.04993076759654048 fresh=0.04996084464825093,,,,,,,blend,,,,
worker crashed (exit 1): pyo3_runtime.PanicException: incremental reduced-cost update diverged from a fresh recompute: j=15 incremental=0.005715238997230354 fresh=0.005238432759815865,,,,,,,bnl1,,,,
worker crashed (exit 1): pyo3_runtime.PanicException: incremental reduced-cost update diverged from a fresh recompute: j=385 incremental=0.09869919139255418 fresh=0.09870950800284291,,,,,,,boeing1,,,,
worker crashed (exit 1): pyo3_runtime.PanicException: incremental reduced-cost update diverged from a fresh recompute: j=53 incremental=-0.7500100760353693 fresh=-0.7500208192832378,,,,,,,boeing2,,,,
worker crashed (exit 1): pyo3_runtime.PanicException: incremental reduced-cost update diverged from a fresh recompute: j=1 incremental=0.000040012901998671076 fresh=0.000011472488729593645,,,,,,,bore3d,,,,
worker crashed (exit 1): pyo3_runtime.PanicException: incremental reduced-cost update diverged from a fresh recompute: j=30 incremental=0.013067627185995625 fresh=0.013057261230870323,,,,,,,brandy,,,,
worker crashed (exit 1): pyo3_runtime.PanicException: incremental reduced-cost update diverged from a fresh recompute: j=128 incremental=0 fresh=-0.000020124385692002034,,,,,,,capri,,,,
worker crashed (exit 1): pyo3_runtime.PanicException: incremental reduced-cost update diverged from a fresh recompute: j=1717 incremental=0.0006152158095982789 fresh=-201206432.86909294,,,,,,,cycle,,,,
worker crashed (exit 1): pyo3_runtime.PanicException: incremental reduced-cost update diverged from a fresh recompute: j=217 incremental=-0.7300030614719853 fresh=-0.7300161260594841,,,,,,,degen2,,,,
worker crashed (exit 1): pyo3_runtime.PanicException: incremental reduced-cost update diverged from a fresh recompute: j=8 incremental=-1.0000412240611674 fresh=-1.0000596623205855,,,,,,,degen3,,,,
worker crashed (exit 1): pyo3_runtime.PanicException: incremental reduced-cost update diverged from a fresh recompute: j=18 incremental=0 fresh=0.000022962921081443445,,,,,,,e226,,,,
worker crashed (exit 1): pyo3_runtime.PanicException: incremental reduced-cost update diverged from a fresh recompute: j=96 incremental=0.5161760838003914 fresh=0.5161565701509622,,,,,,,etamacro,,,,
worker crashed (exit 1): pyo3_runtime.PanicException: incremental reduced-cost update diverged from a fresh recompute: j=314 incremental=0.0000010025310687606932 fresh=0.000013481942943836421,,,,,,,fffff800,,,,
worker crashed (exit 1): pyo3_runtime.PanicException: incremental reduced-cost update diverged from a fresh recompute: j=105 incremental=1.000372598227326 fresh=1.0003865108958627,,,,,,,finnis,,,,
worker crashed (exit 1): pyo3_runtime.PanicException: incremental reduced-cost update diverged from a fresh recompute: j=844 incremental=0.3352237892358287 fresh=0.33521333626108496,,,,,,,fit1d,,,,
worker crashed (exit 1): pyo3_runtime.PanicException: incremental reduced-cost update diverged from a fresh recompute: j=1 incremental=-1.5830303225628204 fresh=0.0000000000006252776074688882,,,,,,,fit1p,,,,
worker crashed (exit 1): pyo3_runtime.PanicException: incremental reduced-cost update diverged from a fresh recompute: j=35 incremental=-0.0012628140462049033 fresh=-0.0020390842569554682,,,,,,,forplan,,,,
worker crashed (exit 1): pyo3_runtime.PanicException: simplex basis matrix must be nonsingular,,,,,,,ganges,,,,
worker crashed (exit 1): pyo3_runtime.PanicException: incremental reduced-cost update diverged from a fresh recompute: j=67 incremental=0.0014214702518805487 fresh=-0.000001207601465047503,,,,,,,grow15,,,,
worker crashed (exit 1): pyo3_runtime.PanicException: simplex basis matrix must be nonsingular,,,,,,,grow22,,,,
worker crashed (exit 1): pyo3_runtime.PanicException: incremental reduced-cost update diverged from a fresh recompute: j=160 incremental=-0.0003722754401778161 fresh=-0.00032813611004278893,,,,,,,grow7,,,,
worker crashed (exit 1): pyo3_runtime.PanicException: incremental reduced-cost update diverged from a fresh recompute: j=174 incremental=0.767201495156532 fresh=0.7671879057646308,,,,,,,israel,,,,
worker crashed (exit 1): pyo3_runtime.PanicException: incremental reduced-cost update diverged from a fresh recompute: j=77 incremental=0.000017784864007583894 fresh=-0.0000029176369989027546,,,,,,,kb2,,,,
worker crashed (exit 1): pyo3_runtime.PanicException: incremental reduced-cost update diverged from a fresh recompute: j=189 incremental=0.007442718238711458 fresh=0.007465815620300164,,,,,,,lotfi,,,,
worker crashed (exit 1): pyo3_runtime.PanicException: incremental reduced-cost update diverged from a fresh recompute: j=46 incremental=0.03808755826437928 fresh=0.03809970239494474,,,,,,,maros,,,,
worker crashed (exit 1): pyo3_runtime.PanicException: incremental reduced-cost update diverged from a fresh recompute: j=5 incremental=1.3674034215882127 fresh=1.3674421228779086,,,,,,,modszk1,,,,
worker crashed (exit 1): pyo3_runtime.PanicException: incremental reduced-cost update diverged from a fresh recompute: j=361 incremental=0.049131690000000006 fresh=0.04911921581666229,,,,,,,nesm,,,,
worker crashed (exit 1): pyo3_runtime.PanicException: incremental reduced-cost update diverged from a fresh recompute: j=29 incremental=-0.5873046198087307 fresh=-0.587288970261753,,,,,,,perold,,,,
worker crashed (exit 1): pyo3_runtime.PanicException: incremental reduced-cost update diverged from a fresh recompute: j=750 incremental=0.7887674364987138 fresh=0.7337196508771212,,,,,,,pilot4,,,,
worker crashed (exit 1): pyo3_runtime.PanicException: incremental reduced-cost update diverged from a fresh recompute: j=837 incremental=0.000012176247749298016 fresh=-0.000002965189701778218,,,,,,,pilotnov,,,,
,-266.61600000000027,HighsModelStatus.kOptimal,0.002812399994581938,91,91,180,recipe,663,-266.6160000000002,optimal,0.027830200007883832
worker crashed (exit 1): pyo3_runtime.PanicException: incremental reduced-cost update diverged from a fresh recompute: j=102 incremental=-0.42408057367864666 fresh=-0.4240915120615334,,,,,,,sc105,,,,
worker crashed (exit 1): pyo3_runtime.PanicException: incremental reduced-cost update diverged from a fresh recompute: j=202 incremental=-0.17982287080297327 fresh=-0.17980952596410016,,,,,,,sc205,,,,
,-64.5750770585645,HighsModelStatus.kOptimal,0.0030193999991752207,50,50,48,sc50a,130,-64.5750770585645,optimal,0.022969799989368767
,-69.99999999999999,HighsModelStatus.kOptimal,0.002218799985712394,50,50,48,sc50b,118,-69.99999999999996,optimal,0.02176500001223758
worker crashed (exit 1): pyo3_runtime.PanicException: incremental reduced-cost update diverged from a fresh recompute: j=7 incremental=-1.3177829150378833 fresh=-1.3178009792481533,,,,,,,scagr25,,,,
worker crashed (exit 1): pyo3_runtime.PanicException: incremental reduced-cost update diverged from a fresh recompute: j=7 incremental=-1.3177829150378833 fresh=-1.3178065299491761,,,,,,,scagr7,,,,
worker crashed (exit 1): pyo3_runtime.PanicException: incremental reduced-cost update diverged from a fresh recompute: j=342 incremental=-0.07885229688994422 fresh=-0.07883570772651213,,,,,,,scfxm1,,,,
worker crashed (exit 1): pyo3_runtime.PanicException: incremental reduced-cost update diverged from a fresh recompute: j=342 incremental=-0.07885229688994422 fresh=-0.07883134632794675,,,,,,,scfxm2,,,,
worker crashed (exit 1): pyo3_runtime.PanicException: incremental reduced-cost update diverged from a fresh recompute: j=342 incremental=-0.07885229688994422 fresh=-0.07883134579494551,,,,,,,scfxm3,,,,
worker crashed (exit 1): pyo3_runtime.PanicException: incremental reduced-cost update diverged from a fresh recompute: j=2 incremental=0 fresh=-0.00004214197117388248,,,,,,,scorpion,,,,
worker crashed (exit 1): pyo3_runtime.PanicException: incremental reduced-cost update diverged from a fresh recompute: j=7 incremental=0 fresh=0.00014277426340534994,,,,,,,scrs8,,,,
,8.666666674333364,HighsModelStatus.kOptimal,0.0048906000156421214,77,77,760,scsd1,2388,8.666666674333362,optimal,0.36004500000854023
,50.5000000782623,HighsModelStatus.kOptimal,0.01113279999117367,147,147,1350,scsd6,4316,50.50000007714442,optimal,0.849998499994399
worker crashed (exit 1): pyo3_runtime.PanicException: incremental reduced-cost update diverged from a fresh recompute: j=1346 incremental=1.1327334463322913 fresh=1.1860984211623573,,,,,,,scsd8,,,,
worker crashed (exit 1): pyo3_runtime.PanicException: incremental reduced-cost update diverged from a fresh recompute: j=670 incremental=0.46880643994103055 fresh=0.4687828931378557,,,,,,,sctap1,,,,
worker crashed (exit 1): pyo3_runtime.PanicException: incremental reduced-cost update diverged from a fresh recompute: j=967 incremental=1.0000034400524822 fresh=0.9999829590461592,,,,,,,sctap2,,,,
worker crashed (exit 1): pyo3_runtime.PanicException: incremental reduced-cost update diverged from a fresh recompute: j=1825 incremental=-1.002648079698753 fresh=0.0000000000000002220446049250313,,,,,,,sctap3,,,,
worker crashed (exit 1): pyo3_runtime.PanicException: incremental reduced-cost update diverged from a fresh recompute: j=189 incremental=-0.19702897160550872 fresh=-0.19704138995963405,,,,,,,seba,,,,
worker crashed (exit 1): pyo3_runtime.PanicException: incremental reduced-cost update diverged from a fresh recompute: j=45 incremental=0.000019483496195922295 fresh=0.00000924838277881898,,,,,,,share1b,,,,
worker crashed (exit 1): pyo3_runtime.PanicException: incremental reduced-cost update diverged from a fresh recompute: j=11 incremental=0.0000049361696472516314 fresh=0.000024835155043367863,,,,,,,share2b,,,,
worker crashed (exit 1): pyo3_runtime.PanicException: incremental reduced-cost update diverged from a fresh recompute: j=192 incremental=0.00009444958591461182 fresh=0.00011449492835998535,,,,,,,shell,,,,
worker crashed (exit 1): pyo3_runtime.PanicException: incremental reduced-cost update diverged from a fresh recompute: j=53 incremental=0.8773381676887702 fresh=0.8773484353082808,,,,,,,ship04l,,,,
worker crashed (exit 1): pyo3_runtime.PanicException: incremental reduced-cost update diverged from a fresh recompute: j=37 incremental=1.0768205798595414 fresh=1.0767920309543957,,,,,,,ship04s,,,,
worker crashed (exit 1): pyo3_runtime.PanicException: incremental reduced-cost update diverged from a fresh recompute: j=1239 incremental=0.7217904076065813 fresh=0.7217795967729593,,,,,,,ship08s,,,,
worker crashed (exit 1): pyo3_runtime.PanicException: simplex basis matrix must be nonsingular,,,,,,,ship12s,,,,
worker crashed (exit 1): pyo3_runtime.PanicException: simplex basis matrix must be nonsingular,,,,,,,sierra,,,,
worker crashed (exit 1): pyo3_runtime.PanicException: incremental reduced-cost update diverged from a fresh recompute: j=19 incremental=-0.9999777734019273 fresh=-0.9999923389364141,,,,,,,stair,,,,
worker crashed (exit 1): pyo3_runtime.PanicException: incremental reduced-cost update diverged from a fresh recompute: j=1153 incremental=0.000009598617631774623 fresh=0.00002418160875005436,,,,,,,standata,,,,
worker crashed (exit 1): pyo3_runtime.PanicException: incremental reduced-cost update diverged from a fresh recompute: j=1262 incremental=0.000006378301101828335 fresh=0.00001663322080016997,,,,,,,standgub,,,,
worker crashed (exit 1): pyo3_runtime.PanicException: incremental reduced-cost update diverged from a fresh recompute: j=67 incremental=-0.9999890630122034 fresh=-0.9999780579195205,,,,,,,standmps,,,,
worker crashed (exit 1): pyo3_runtime.PanicException: incremental reduced-cost update diverged from a fresh recompute: j=21 incremental=0.000025822585087226543 fresh=0.00006967900277313823,,,,,,,stocfor1,,,,
worker crashed (exit 1): pyo3_runtime.PanicException: incremental reduced-cost update diverged from a fresh recompute: j=119 incremental=0.0000041890281948735735 fresh=0.00001772060306524498,,,,,,,stocfor2,,,,
worker crashed (exit 1): pyo3_runtime.PanicException: simplex basis matrix must be nonsingular,,,,,,,tuff,,,,
,1.442902411573409,HighsModelStatus.kOptimal,0.06296690000453964,244,244,2594,wood1p,70215,1.4429024115734126,optimal,8.668589599983534
