name,n_vars,n_rows,our_presolve_ms,our_simplex_ms,our_ratio,highs_presolve_ms,highs_simplex_ms,highs_ratio
25fv47,1571,821,25.902,383.923,0.0675,5.6043,136.8745,0.0409
adlittle,97,56,3.001,0.869,3.4534,0.2896,0.8831,0.3279
afiro,32,27,2.735,0.104,26.2981,0.1544,0.1336,1.1557
agg,163,488,4.679,1.292,3.6215,1.6162,1.1506,1.4047
agg2,302,516,4.546,2.118,2.1464,2.6902,1.6617,1.6189
agg3,302,516,3.879,2.361,1.6429,2.7735,1.747,1.5876
bandm,472,305,9.168,10.29,0.891,1.7026,5.9455,0.2864
beaconfd,262,173,5.945,0.824,7.2148,1.8203,0.1527,11.9208
blend,83,74,3.033,0.825,3.6764,0.4398,0.7684,0.5724
bnl1,1175,643,11.588,69.228,0.1674,3.7856,19.0841,0.1984
boeing1,384,351,5.41,11.851,0.4565,1.7922,7.8574,0.2281
boeing2,143,166,4.687,1.308,3.5833,0.6438,1.4132,0.4556
bore3d,315,233,5.728,0.659,8.692,1.0828,0.34,3.1847
brandy,249,220,4.712,10.119,0.4657,1.4519,2.7573,0.5266
capri,353,271,3.703,3.055,1.2121,1.496,1.3907,1.0757
cycle,2857,1903,27.013,38.939,0.6937,14.0017,225.8088,0.062
degen2,534,444,7.633,28.027,0.2723,2.0841,9.5877,0.2174
degen3,1818,1503,26.788,449.997,0.0595,9.9729,154.5349,0.0645
e226,282,223,4.812,5.956,0.8079,1.2355,4.8875,0.2528
etamacro,688,400,6.089,21.652,0.2812,2.2371,5.8107,0.385
fffff800,854,524,12.806,26.923,0.4757,3.8429,5.5468,0.6928
finnis,614,497,4.932,4.138,1.1919,1.6632,2.2718,0.7321
fit1d,1026,24,7.984,2.274,3.511,6.5997,2.7922,2.3636
fit1p,1677,627,25.85,293.76,0.088,4.1071,31.1252,0.132
forplan,421,161,10.348,3.478,2.9753,2.1618,2.5942,0.8333
ganges,1681,1309,18.999,31.59,0.6014,7.7566,3.8237,2.0286
grow15,645,300,7.407,95.91,0.0772,3.2076,32.7593,0.0979
grow22,946,440,10.326,197.915,0.0522,4.6157,70.4865,0.0655
grow7,301,140,7.551,13.766,0.5485,1.7091,8.0049,0.2135
israel,142,174,2.01,1.692,1.1879,0.8935,1.9125,0.4672
kb2,41,43,2.823,0.237,11.9114,0.2066,0.2892,0.7144
lotfi,308,153,4.75,1.613,2.9448,1.1825,0.7431,1.5913
maros,1443,846,24.98,61.817,0.4041,6.8362,30.2062,0.2263
modszk1,1620,687,10.637,88.181,0.1206,3.2992,9.6666,0.3413
nesm,2923,662,37.797,190.064,0.1989,10.6687,138.5376,0.077
perold,1376,625,19.029,115.862,0.1642,4.2086,48.3181,0.0871
pilot4,1000,410,14.127,35.411,0.3989,3.2314,21.6187,0.1495
pilotnov,2172,975,34.517,137.907,0.2503,8.6331,136.1964,0.0634
recipe,180,91,2.615,0.225,11.6222,0.6836,0.2397,2.8519
sc105,103,105,2.1,0.579,3.6269,0.4268,0.3632,1.1751
sc205,203,205,2.305,1.923,1.1986,0.7529,0.8036,0.9369
sc50a,48,50,3.095,0.239,12.9498,0.1999,0.2019,0.9901
sc50b,48,50,2.898,0.282,10.2766,0.2051,0.1837,1.1165
scagr25,500,471,7.032,3.578,1.9653,1.6656,3.9806,0.4184
scagr7,140,129,3.662,0.509,7.1945,0.514,0.8976,0.5726
scfxm1,457,330,8.769,7.12,1.2316,1.96,4.8608,0.4032
scfxm2,914,660,14.894,22.696,0.6562,3.3391,12.4329,0.2686
scfxm3,1371,990,23.857,46.803,0.5097,4.9721,20.7677,0.2394
scorpion,358,388,3.741,2.644,1.4149,1.4598,0.5897,2.4755
scrs8,1169,490,13.403,13.845,0.9681,3.6942,3.8152,0.9683
scsd1,760,77,7.73,2.223,3.4773,0.8776,1.3807,0.6356
scsd6,1350,147,8.14,10.69,0.7615,1.3909,5.5419,0.251
scsd8,2750,397,17.275,200.196,0.0863,3.0466,34.3101,0.0888
sctap1,480,300,5.678,6.412,0.8855,0.8922,3.8039,0.2345
sctap2,1880,1090,11.994,16.052,0.7472,3.3438,7.2985,0.4581
sctap3,2480,1480,17.544,23.469,0.7475,5.4039,8.6764,0.6228
seba,1028,515,7.516,1.349,5.5715,2.8404,0.1272,22.3302
share1b,225,117,3.944,1.497,2.6346,0.6972,1.56,0.4469
share2b,79,96,4.828,0.696,6.9368,0.3743,0.9208,0.4065
shell,1775,536,8.922,11.763,0.7585,7.6297,2.893,2.6373
ship04l,2118,402,10.334,9.557,1.0813,3.3626,2.9367,1.145
ship04s,1458,402,8.15,5.249,1.5527,2.6365,1.9322,1.3645
ship08s,2387,778,12.046,9.636,1.2501,4.0991,3.5573,1.1523
ship12s,2763,1151,14.219,10.991,1.2937,5.353,4.3184,1.2396
sierra,2036,1227,23.597,15.476,1.5247,9.0468,3.1862,2.8394
stair,467,356,8.919,19.712,0.4525,2.9566,7.8857,0.3749
standata,1075,359,6.643,0.535,12.4168,3.011,0.4932,6.105
standgub,1184,361,6.82,0.578,11.7993,3.0389,0.4933,6.1603
standmps,1075,467,6.83,2.779,2.4577,2.7388,1.3812,1.9829
stocfor1,111,117,3.367,0.684,4.9225,0.4979,0.6291,0.7914
stocfor2,2031,2157,20.2,120.525,0.1676,7.486,15.4133,0.4857
tuff,587,333,6.79,12.594,0.5391,4.2038,2.2414,1.8755
wood1p,2594,244,91.417,42.765,2.1377,45.5917,9.1738,4.9698
