highs_obj,highs_status,highs_time,n_constraints,n_rows,n_vars,name,nnz,ours_obj,ours_status,ours_time
5501.845888286757,HighsModelStatus.kOptimal,0.1569080000044778,821,821,1571,25fv47,10400,5501.845888287023,optimal,0.5162357000226621
225494.9631623803,HighsModelStatus.kOptimal,0.0028480000037234277,56,56,97,adlittle,383,225494.96316238045,optimal,0.002928700007032603
-464.75314285714285,HighsModelStatus.kOptimal,0.0022601000091526657,27,27,32,afiro,83,-464.7531428645136,optimal,0.0017705000063870102
-35991767.2865765,HighsModelStatus.kOptimal,0.0049343999999109656,488,488,163,agg,2410,-35991767.28657683,optimal,0.0062615000060759485
-20239252.355977118,HighsModelStatus.kOptimal,0.007710999983828515,516,516,302,agg2,4284,-20239252.355977103,optimal,0.00656349997734651
10312115.935089216,HighsModelStatus.kOptimal,0.007285500003490597,516,516,302,agg3,4300,10312115.935089232,optimal,0.006432499998481944
-158.62801845012078,HighsModelStatus.kOptimal,0.009945599973434582,305,305,472,bandm,2494,-158.62801845015673,optimal,0.019862100016325712
33592.4858072,HighsModelStatus.kOptimal,0.004423599981237203,173,173,262,beaconfd,3375,33592.485807200006,optimal,0.0062852999835740775
-30.812149845828237,HighsModelStatus.kOptimal,0.004237300017848611,74,74,83,blend,491,-30.812150020226106,optimal,0.0029955000209156424
1977.6295615228878,HighsModelStatus.kOptimal,0.026654299988877028,643,643,1175,bnl1,5121,1977.6295615237402,optimal,0.09655830002157018
-335.21356750712675,HighsModelStatus.kOptimal,0.01188700000056997,440,351,384,boeing1,3485,-335.21356750712596,optimal,0.018000399984885007
-315.0187280152027,HighsModelStatus.kOptimal,0.00411440001334995,185,166,143,boeing2,1196,-315.01872801520267,optimal,0.004358000005595386
1373.0803942084926,HighsModelStatus.kOptimal,0.00502410001354292,233,233,315,bore3d,1429,1373.0803942084553,optimal,0.004603500012308359
1518.5098964881279,HighsModelStatus.kOptimal,0.0061153999995440245,220,220,249,brandy,2148,1518.5098964851973,optimal,0.016090000019175932
2690.0129137681593,HighsModelStatus.kOptimal,0.005003500002203509,271,271,353,capri,1767,2690.012913836268,optimal,0.006307300005573779
-5.226393024894102,HighsModelStatus.kOptimal,0.2479598999780137,1903,1903,2857,cycle,20720,-5.226393024894323,optimal,0.08700339999631979
-1435.178,HighsModelStatus.kOptimal,0.013939299999037758,444,444,534,degen2,3978,-1435.1780000063818,optimal,0.04349500001990236
-987.2940000000007,HighsModelStatus.kOptimal,0.16960299998754635,1503,1503,1818,degen3,24646,-987.2939999618053,optimal,0.6269136999908369
-11.638929066370537,HighsModelStatus.kOptimal,0.008861299982527271,223,223,282,e226,2578,-11.638929069904375,optimal,0.010751099995104596
-755.7152333005275,HighsModelStatus.kOptimal,0.01046019999193959,400,400,688,etamacro,2409,-755.7152333522953,optimal,0.029555699991760775
555679.5648174963,HighsModelStatus.kOptimal,0.011745700001483783,524,524,854,fffff800,6227,555679.5648174969,optimal,0.043531600007554516
172791.06559561164,HighsModelStatus.kOptimal,0.00634570000693202,497,497,614,finnis,2310,172791.0655957556,optimal,0.009613000001991168
-9146.378092420928,HighsModelStatus.kOptimal,0.013015500007895753,24,24,1026,fit1d,13404,-9146.378092420891,optimal,0.012259599985554814
9146.378092420935,HighsModelStatus.kOptimal,0.036934299976564944,627,627,1677,fit1p,9868,9146.378092406714,optimal,0.1890875999815762
-664.2189612722054,HighsModelStatus.kOptimal,0.008990200003609061,162,161,421,forplan,4563,-664.2189612688722,optimal,0.012072699988493696
-109585.73612927813,HighsModelStatus.kOptimal,0.015652000001864508,1309,1309,1681,ganges,6912,-109585.73612927803,optimal,0.05791860001045279
-106870941.29357533,HighsModelStatus.kOptimal,0.040629099996294826,300,300,645,grow15,5620,-106870941.29357535,optimal,0.1324562999943737
-160834336.48256296,HighsModelStatus.kOptimal,0.07864570000674576,440,440,946,grow22,8252,-160834336.48256302,optimal,0.24227069999324158
-47787811.8147115,HighsModelStatus.kOptimal,0.01190469998982735,140,140,301,grow7,2612,-47787811.81471146,optimal,0.021083700004965067
-896644.8218630459,HighsModelStatus.kOptimal,0.004966599983163178,174,174,142,israel,2269,-896644.821863046,optimal,0.0034907999797724187
-1749.9001299062056,HighsModelStatus.kOptimal,0.0021951000089757144,43,43,41,kb2,286,-1749.9001299062054,optimal,0.0018435999809298664
-25.264706061880002,HighsModelStatus.kOptimal,0.004580800014082342,153,153,308,lotfi,1078,-25.26470606187508,optimal,0.00537980001536198
-58063.74370112589,HighsModelStatus.kOptimal,0.042082700005266815,846,846,1443,maros,9614,-58063.743701149666,optimal,0.10286449998966418
320.61972906434596,HighsModelStatus.kOptimal,0.016273000015644357,687,687,1620,modszk1,3168,320.61972919788997,optimal,0.129662500025006
14076036.487562705,HighsModelStatus.kOptimal,0.15626380001776852,750,662,2923,nesm,13288,14076036.487561256,optimal,0.2958044999977574
-9380.755278235187,HighsModelStatus.kOptimal,0.06103170002461411,625,625,1376,perold,6018,-9380.755278217122,optimal,0.174603899999056
-2581.1392588838853,HighsModelStatus.kOptimal,0.02831670001614839,410,410,1000,pilot4,5141,-2581.139258883824,optimal,0.06281599999056198
-4497.2761882188715,HighsModelStatus.kOptimal,0.1515367999963928,975,975,2172,pilotnov,13057,-4497.276188218845,optimal,0.22350930000538938
-266.61600000000027,HighsModelStatus.kOptimal,0.0044037000043317676,91,91,180,recipe,663,-266.6160000000002,optimal,0.0017306999943684787
-52.20206121170723,HighsModelStatus.kOptimal,0.002504500007489696,105,105,103,sc105,280,-52.2020612117072,optimal,0.0014896999928168952
-52.20206121170721,HighsModelStatus.kOptimal,0.0045436999935191125,205,205,203,sc205,551,-52.202061211707196,optimal,0.0038158999814186245
-64.5750770585645,HighsModelStatus.kOptimal,0.0020969000179320574,50,50,48,sc50a,130,-64.5750770585645,optimal,0.001972900005057454
-69.99999999999999,HighsModelStatus.kOptimal,0.0031180999940261245,50,50,48,sc50b,118,-69.99999999999996,optimal,0.0015524000045843422
-14753433.060768528,HighsModelStatus.kOptimal,0.00792520001414232,471,471,500,scagr25,1554,-14753433.060743084,optimal,0.00895029999082908
-2331389.824330984,HighsModelStatus.kOptimal,0.0034130999993067235,129,129,140,scagr7,420,-2331389.824322035,optimal,0.0032179999980144203
18416.759028348948,HighsModelStatus.kOptimal,0.009593900002073497,330,330,457,scfxm1,2589,18416.759028348937,optimal,0.016093700018245727
36660.261564998815,HighsModelStatus.kOptimal,0.01931559998774901,660,660,914,scfxm2,5183,36660.261564998895,optimal,0.042903399997157976
54901.254549751444,HighsModelStatus.kOptimal,0.030525099980877712,990,990,1371,scfxm3,7777,54901.25454975146,optimal,0.08282030001282692
1878.1248227381068,HighsModelStatus.kOptimal,0.004157799994572997,388,388,358,scorpion,1426,1878.1248224677665,optimal,0.006026799994288012
904.296953800792,HighsModelStatus.kOptimal,0.011906600004294887,490,490,1169,scrs8,3182,904.2969538007696,optimal,0.031800199998542666
8.666666674333364,HighsModelStatus.kOptimal,0.0042818000074476,77,77,760,scsd1,2388,8.66666667433336,optimal,0.008200999989639968
50.5000000782623,HighsModelStatus.kOptimal,0.010307199991075322,147,147,1350,scsd6,4316,50.50000007714428,optimal,0.02158529998268932
904.9999999254643,HighsModelStatus.kOptimal,0.039470499992603436,397,397,2750,scsd8,8584,904.9999999260119,optimal,0.24164990001008846
1412.25,HighsModelStatus.kOptimal,0.006932300020707771,300,300,480,sctap1,1692,1412.2500000000255,optimal,0.010570799990091473
1724.807142857143,HighsModelStatus.kOptimal,0.014313300023786724,1090,1090,1880,sctap2,6714,1724.8071428571432,optimal,0.033563700009835884
1424.0,HighsModelStatus.kOptimal,0.017907700006617233,1480,1480,2480,sctap3,8874,1423.9999999999998,optimal,0.054113499994855374
15711.599999999999,HighsModelStatus.kOptimal,0.006461799988755956,522,515,1028,seba,4352,15711.600000000002,optimal,0.008224300021538511
-76589.31857918572,HighsModelStatus.kOptimal,0.005592900008196011,117,117,225,share1b,1151,-76589.31857945798,optimal,0.0046110000112093985
-415.73224074141945,HighsModelStatus.kOptimal,0.0036239000037312508,96,96,79,share2b,694,-415.732240622739,optimal,0.0032017000194173306
1208825346.0,HighsModelStatus.kOptimal,0.012864599993918091,536,536,1775,shell,3556,1208825346.0,optimal,0.024312499997904524
1793324.5379703562,HighsModelStatus.kOptimal,0.011991400009719655,402,402,2118,ship04l,6332,1793324.5379703857,optimal,0.021967299981042743
1798714.7004453917,HighsModelStatus.kOptimal,0.007209300005342811,402,402,1458,ship04s,4352,1798714.7004455386,optimal,0.013030400004936382
1920098.2105346182,HighsModelStatus.kOptimal,0.011544000008143485,778,778,2387,ship08s,7114,1920098.2105344918,optimal,0.024646899983054027
1489236.1344061329,HighsModelStatus.kOptimal,0.013143999996827915,1151,1151,2763,ship12s,8178,1489236.134406264,optimal,0.03228250000393018
15394362.183631929,HighsModelStatus.kOptimal,0.01696300000185147,1227,1227,2036,sierra,7302,15394362.183631929,optimal,0.04642999998759478
-251.26695119296335,HighsModelStatus.kOptimal,0.013421200012089685,356,356,467,stair,3856,-251.26695119296343,optimal,0.027226500009419397
1257.6995,HighsModelStatus.kOptimal,0.006621500011533499,359,359,1075,standata,3031,1257.6995000000002,optimal,0.00649529998190701
1257.6995,HighsModelStatus.kOptimal,0.006939499988220632,361,361,1184,standgub,3139,1257.6995000000002,optimal,0.007010500004980713
1406.0175,HighsModelStatus.kOptimal,0.007578799995826557,467,467,1075,standmps,3679,1406.0175000000006,optimal,0.010768499982077628
-41131.97621943641,HighsModelStatus.kOptimal,0.0027843999851029366,117,117,111,stocfor1,447,-41131.97624914345,optimal,0.002709699998376891
-39024.408537882104,HighsModelStatus.kOptimal,0.027543799980776384,2157,2157,2031,stocfor2,8343,-39024.408537853655,optimal,0.18502899998566136
0.292147765093613,HighsModelStatus.kOptimal,0.009889200009638444,333,333,587,tuff,4520,0.2921477650936207,optimal,0.020813999988604337
1.442902411573409,HighsModelStatus.kOptimal,0.05860489999759011,244,244,2594,wood1p,70215,1.44290241157286,optimal,0.1420395000022836
