highs_iters,highs_obj,highs_status,n_constraints,n_rows,n_vars,name,nnz,ours_iters,ours_obj,ours_status
2583,5501.845888286757,HighsModelStatus.kOptimal,821,821,1571,25fv47,10400,4216,5501.8458882849045,optimal
87,225494.9631623803,HighsModelStatus.kOptimal,56,56,97,adlittle,383,95,225494.96316238062,optimal
6,-464.75314285714285,HighsModelStatus.kOptimal,27,27,32,afiro,83,14,-464.7531428645136,optimal
102,-35991767.2865765,HighsModelStatus.kOptimal,488,488,163,agg,2410,105,-35991767.28657683,optimal
168,-20239252.355977118,HighsModelStatus.kOptimal,516,516,302,agg2,4284,161,-20239252.355977103,optimal
164,10312115.935089216,HighsModelStatus.kOptimal,516,516,302,agg3,4300,177,10312115.935089238,optimal
382,-158.62801845012078,HighsModelStatus.kOptimal,305,305,472,bandm,2494,281,-158.62801850039716,optimal
8,33592.4858072,HighsModelStatus.kOptimal,173,173,262,beaconfd,3375,83,33592.485807200064,optimal
80,-30.812149845828237,HighsModelStatus.kOptimal,74,74,83,blend,491,88,-30.81215044322203,optimal
775,1977.6295615228878,HighsModelStatus.kOptimal,643,643,1175,bnl1,5121,910,1977.6295615228883,optimal
408,-335.21356750712675,HighsModelStatus.kOptimal,440,351,384,boeing1,3485,333,-335.21356750712727,optimal
141,-315.0187280152027,HighsModelStatus.kOptimal,185,166,143,boeing2,1196,110,-315.01872801520284,optimal
34,1373.0803942084926,HighsModelStatus.kOptimal,233,233,315,bore3d,1429,76,1373.0803942084779,optimal
203,1518.5098964881279,HighsModelStatus.kOptimal,220,220,249,brandy,2148,226,1518.5098965032005,optimal
150,2690.0129137681593,HighsModelStatus.kOptimal,271,271,353,capri,1767,223,2690.0129138363072,optimal
3726,-5.226393024894102,HighsModelStatus.kOptimal,1903,1903,2857,cycle,20720,2117,-5.2263930248943264,optimal
445,-1435.178,HighsModelStatus.kOptimal,444,444,534,degen2,3978,547,-1435.1779999817595,optimal
2098,-987.2940000000007,HighsModelStatus.kOptimal,1503,1503,1818,degen3,24646,2703,-987.2939999580092,optimal
335,-11.638929066370537,HighsModelStatus.kOptimal,223,223,282,e226,2578,335,-11.638929066370512,optimal
419,-755.7152333005275,HighsModelStatus.kOptimal,400,400,688,etamacro,2409,662,-755.715233352296,optimal
411,555679.5648174963,HighsModelStatus.kOptimal,524,524,854,fffff800,6227,692,555679.5648174947,optimal
246,172791.06559561164,HighsModelStatus.kOptimal,497,497,614,finnis,2310,254,172791.06559581592,optimal
58,-9146.378092420928,HighsModelStatus.kOptimal,24,24,1026,fit1d,13404,64,-9146.378092420891,optimal
860,9146.378092420935,HighsModelStatus.kOptimal,627,627,1677,fit1p,9868,1102,9146.378092424622,optimal
165,-664.2189612722054,HighsModelStatus.kOptimal,162,161,421,forplan,4563,437,-664.2189612682464,optimal
513,-109585.73612927813,HighsModelStatus.kOptimal,1309,1309,1681,ganges,6912,853,-109585.73612927772,optimal
1198,-106870941.29357533,HighsModelStatus.kOptimal,300,300,645,grow15,5620,903,-106870941.29357529,optimal
1934,-160834336.48256296,HighsModelStatus.kOptimal,440,440,946,grow22,8252,1677,-160834336.48256296,optimal
441,-47787811.8147115,HighsModelStatus.kOptimal,140,140,301,grow7,2612,332,-47787811.81471144,optimal
133,-896644.8218630459,HighsModelStatus.kOptimal,174,174,142,israel,2269,128,-896644.821863045,optimal
31,-1749.9001299062056,HighsModelStatus.kOptimal,43,43,41,kb2,286,36,-1749.9001299062052,optimal
98,-25.264706061880002,HighsModelStatus.kOptimal,153,153,308,lotfi,1078,166,-25.264706061875103,optimal
1283,-58063.74370112589,HighsModelStatus.kOptimal,846,846,1443,maros,9614,1047,-58063.743701164865,optimal
539,320.61972906434596,HighsModelStatus.kOptimal,687,687,1620,modszk1,3168,921,320.61972891153886,optimal
2574,14076036.487562705,HighsModelStatus.kOptimal,750,662,2923,nesm,13288,1271,14076036.487561401,optimal
1149,-9380.755278235187,HighsModelStatus.kOptimal,625,625,1376,perold,6018,1479,-9380.75527823567,optimal
684,-2581.1392588838853,HighsModelStatus.kOptimal,410,410,1000,pilot4,5141,779,-2581.1392588839676,optimal
2154,-4497.2761882188715,HighsModelStatus.kOptimal,975,975,2172,pilotnov,13057,1464,-4497.276188218845,optimal
19,-266.61600000000027,HighsModelStatus.kOptimal,91,91,180,recipe,663,34,-266.6160000000002,optimal
37,-52.20206121170723,HighsModelStatus.kOptimal,105,105,103,sc105,280,78,-52.20206121170717,optimal
84,-52.20206121170721,HighsModelStatus.kOptimal,205,205,203,sc205,551,173,-52.20206121170722,optimal
18,-64.5750770585645,HighsModelStatus.kOptimal,50,50,48,sc50a,130,46,-64.57507705856452,optimal
18,-69.99999999999999,HighsModelStatus.kOptimal,50,50,48,sc50b,118,41,-69.99999999999999,optimal
338,-14753433.060768528,HighsModelStatus.kOptimal,471,471,500,scagr25,1554,343,-14753433.06076112,optimal
104,-2331389.824330984,HighsModelStatus.kOptimal,129,129,140,scagr7,420,62,-2331389.824322035,optimal
375,18416.759028348948,HighsModelStatus.kOptimal,330,330,457,scfxm1,2589,365,18416.75902834876,optimal
771,36660.261564998815,HighsModelStatus.kOptimal,660,660,914,scfxm2,5183,784,36660.26156499873,optimal
1202,54901.254549751444,HighsModelStatus.kOptimal,990,990,1371,scfxm3,7777,1199,54901.25454975262,optimal
78,1878.1248227381068,HighsModelStatus.kOptimal,388,388,358,scorpion,1426,198,1878.124822467766,optimal
361,904.296953800792,HighsModelStatus.kOptimal,490,490,1169,scrs8,3182,514,904.2969538005818,optimal
86,8.666666674333364,HighsModelStatus.kOptimal,77,77,760,scsd1,2388,133,8.666666674333362,optimal
270,50.5000000782623,HighsModelStatus.kOptimal,147,147,1350,scsd6,4316,388,50.50000007714448,optimal
1054,904.9999999254643,HighsModelStatus.kOptimal,397,397,2750,scsd8,8584,1449,904.999999925791,optimal
323,1412.25,HighsModelStatus.kOptimal,300,300,480,sctap1,1692,269,1412.2500000000007,optimal
755,1724.807142857143,HighsModelStatus.kOptimal,1090,1090,1880,sctap2,6714,421,1724.8071428571427,optimal
982,1424.0,HighsModelStatus.kOptimal,1480,1480,2480,sctap3,8874,621,1424.0,optimal
1,15711.599999999999,HighsModelStatus.kOptimal,522,515,1028,seba,4352,114,15711.600000000002,optimal
160,-76589.31857918572,HighsModelStatus.kOptimal,117,117,225,share1b,1151,135,-76589.3185792592,optimal
99,-415.73224074141945,HighsModelStatus.kOptimal,96,96,79,share2b,694,85,-415.7322406408101,optimal
325,1208825346.0,HighsModelStatus.kOptimal,536,536,1775,shell,3556,561,1208825346.0000002,optimal
380,1793324.5379703562,HighsModelStatus.kOptimal,402,402,2118,ship04l,6332,494,1793324.5379703857,optimal
264,1798714.7004453917,HighsModelStatus.kOptimal,402,402,1458,ship04s,4352,351,1798714.7004455386,optimal
366,1920098.2105346182,HighsModelStatus.kOptimal,778,778,2387,ship08s,7114,446,1920098.2105344455,optimal
480,1489236.1344061329,HighsModelStatus.kOptimal,1151,1151,2763,ship12s,8178,539,1489236.1344062642,optimal
352,15394362.183631929,HighsModelStatus.kOptimal,1227,1227,2036,sierra,7302,496,15394362.183631925,optimal
291,-251.26695119296335,HighsModelStatus.kOptimal,356,356,467,stair,3856,507,-251.2669511929633,optimal
34,1257.6995,HighsModelStatus.kOptimal,359,359,1075,standata,3031,37,1257.6995000000002,optimal
34,1257.6995,HighsModelStatus.kOptimal,361,361,1184,standgub,3139,34,1257.6995000000002,optimal
163,1406.0175,HighsModelStatus.kOptimal,467,467,1075,standmps,3679,177,1406.0175000000013,optimal
53,-41131.97621943641,HighsModelStatus.kOptimal,117,117,111,stocfor1,447,65,-41131.9762173123,optimal
821,-39024.408537882104,HighsModelStatus.kOptimal,2157,2157,2031,stocfor2,8343,1635,-39024.408537818505,optimal
152,0.292147765093613,HighsModelStatus.kOptimal,333,333,587,tuff,4520,386,0.2921477650936468,optimal
138,1.442902411573409,HighsModelStatus.kOptimal,244,244,2594,wood1p,70215,404,1.4429024115734959,optimal
