name,n_vars_in,n_rows_in,highs_pre_col,highs_pre_row,our_pre_vars,our_pre_rows,ours_time,ours_status
25fv47,1571,821,1439,673,1571,748,0.48965570000291336,optimal
adlittle,97,56,95,53,97,53,0.0030163000046741217,optimal
afiro,32,27,10,7,32,22,0.0006002999871270731,optimal
agg,163,488,106,147,163,225,0.004885399990598671,optimal
agg2,302,516,250,280,302,296,0.005135400002473034,optimal
agg3,302,516,249,282,302,298,0.005227600006037392,optimal
bandm,472,305,321,166,472,245,0.015557000006083399,optimal
beaconfd,262,173,27,10,262,100,0.004772900007083081,optimal
blend,83,74,55,47,83,65,0.001957800006493926,optimal
bnl1,1175,643,988,443,1175,487,0.05033250000269618,optimal
boeing1,384,351,371,289,384,340,0.014072400008444674,optimal
boeing2,143,166,143,122,143,139,0.0026180999993812293,optimal
bore3d,315,233,57,28,315,132,0.00446630000078585,optimal
brandy,249,220,169,92,249,136,0.008371400006581098,optimal
capri,353,271,204,142,353,228,0.005723700000089593,optimal
cycle,2857,1903,1795,892,2857,1384,0.1843116999953054,optimal
degen2,534,444,473,378,534,380,0.03246159999980591,optimal
degen3,1818,1503,1722,1405,1818,1412,0.5442326000047615,optimal
e226,282,223,247,144,282,159,0.014652700003352948,optimal
etamacro,688,400,487,278,688,377,0.03065299999434501,optimal
fffff800,854,524,635,291,854,474,0.03770490000897553,optimal
finnis,614,497,389,324,614,371,0.008169000007910654,optimal
fit1d,1026,24,1024,24,1026,24,0.009836299999733455,optimal
fit1p,1677,627,1677,627,1677,1254,0.4592605999932857,optimal
forplan,421,161,362,99,421,138,0.0158038000081433,optimal
ganges,1681,1309,797,471,1681,964,0.04576269999961369,optimal
grow15,645,300,641,296,645,362,0.06162969999422785,optimal
grow22,946,440,942,436,946,523,0.14804909999656957,optimal
grow7,301,140,297,136,301,178,0.017331800001556985,optimal
israel,142,174,141,163,142,163,0.00406249999650754,optimal
kb2,41,43,35,37,41,38,0.0009682000090833753,optimal
lotfi,308,153,271,106,308,133,0.004922900014207698,optimal
maros,1443,846,782,475,1443,660,0.09240979999594856,optimal
modszk1,1620,687,1465,545,1620,1012,0.08626240000012331,optimal
nesm,2923,662,2562,527,2923,1149,0.15204180000000633,optimal
perold,1376,625,1133,489,1376,653,0.16442820000520442,optimal
pilot4,1000,410,802,326,1000,441,0.06597099998907652,optimal
pilotnov,2172,975,1734,717,2172,880,0.19472459999087732,optimal
recipe,180,91,58,35,180,64,0.0017318000027444214,optimal
sc105,103,105,33,34,103,90,0.001320399998803623,optimal
sc205,203,205,66,67,203,180,0.0032051000016508624,optimal
sc50a,48,50,16,17,48,40,0.0008027000003494322,optimal
sc50b,48,50,15,15,48,39,0.0013801000022795051,optimal
scagr25,500,471,368,218,500,292,0.011484000002383254,optimal
scagr7,140,129,99,57,140,76,0.0022518000041600317,optimal
scfxm1,457,330,376,224,457,289,0.015299799997592345,optimal
scfxm2,914,660,772,468,914,578,0.041306999992229976,optimal
scfxm3,1371,990,1159,703,1371,867,0.08215679999557324,optimal
scorpion,358,388,101,69,358,229,0.005303099998855032,optimal
scrs8,1169,490,783,120,1169,416,0.02970239998830948,optimal
scsd1,760,77,760,77,760,87,0.008508200000505894,optimal
scsd6,1350,147,1350,147,1350,155,0.020189100003335625,optimal
scsd8,2750,397,2750,397,2750,403,0.10741859998961445,optimal
sctap1,480,300,452,269,480,269,0.009951600004569627,optimal
sctap2,1880,1090,1768,977,1880,977,0.027542199997697026,optimal
sctap3,2480,1480,2356,1344,2480,1346,0.04370339999150019,optimal
seba,1028,515,8,2,1028,232,0.008821900002658367,optimal
share1b,225,117,202,92,225,104,0.004094999996596016,optimal
share2b,79,96,72,86,79,93,0.0028885999927297235,optimal
shell,1775,536,1142,229,1775,441,0.03002099999866914,optimal
ship04l,2118,402,1886,288,2118,340,0.017918099998496473,optimal
ship04s,1458,402,1238,188,1458,220,0.011480699991807342,optimal
ship08s,2387,778,1526,234,2387,344,0.019368499997654,optimal
ship12s,2763,1151,1847,267,2763,364,0.02276910000364296,optimal
sierra,2036,1227,1680,815,2036,1097,0.035239099990576506,optimal
stair,467,356,273,245,467,333,0.03528559999540448,optimal
standata,1075,359,335,210,1075,299,0.006408500004909001,optimal
standgub,1184,361,335,210,1184,299,0.006674599993857555,optimal
standmps,1075,467,935,312,1075,407,0.008666800000355579,optimal
stocfor1,111,117,56,48,111,86,0.002957300006528385,optimal
stocfor2,2031,2157,976,1052,2031,1884,0.13004479999653995,optimal
tuff,587,333,398,133,587,254,0.017039199999999255,optimal
wood1p,2594,244,1717,170,2594,243,0.15650490000552963,optimal
