name,base_be5bbea_s,after_a6ad985_s,ratio,retest15_base_s,retest15_after_s,status,obj
dfl001,22.890188,19.181431,0.8380,,,optimal,11266396.046671411
pilot87,8.202310,7.304698,0.8906,,,optimal,301.71034733321324
maros-r7,4.841114,1.498998,0.3096,,,optimal,1497185.166479643
fit2p,3.947878,3.432764,0.8695,,,optimal,68464.29329380162
d2q06c,2.787456,2.390321,0.8575,,,optimal,122784.21081419053
pilot,2.047843,1.806340,0.8821,,,optimal,-557.4897292847305
greenbeb,1.053747,0.984835,0.9346,,,optimal,-4302260.261206583
greenbea,0.557944,0.511696,0.9171,,,optimal,-72555248.1298462
25fv47,0.518125,0.511376,0.9870,,,optimal,5501.845888286739
80bau3b,0.516834,0.438607,0.8486,,,optimal,987224.1924090909
degen3,0.423730,0.392628,0.9266,,,optimal,-987.2940000000003
pilot.ja,0.339749,0.302497,0.8904,,,optimal,-6113.136465581227
pilot.we,0.324805,0.286648,0.8825,,,optimal,-2720107.532844967
fit2d,0.276760,0.212848,0.7691,,,optimal,-68464.29329383213
pilotnov,0.270865,0.226913,0.8377,,,optimal,-4497.276188218869
grow22,0.228262,0.201077,0.8809,,,optimal,-160834336.48256296
bnl2,0.198687,0.160076,0.8057,,,optimal,1811.2365403585163
stocfor2,0.195157,0.170612,0.8742,,,optimal,-39024.408537882104
d6cube,0.187899,0.160456,0.8539,,,optimal,315.49166666666656
wood1p,0.182114,0.177919,0.9770,,,optimal,1.4429024115734044
perold,0.181150,0.159553,0.8808,,,optimal,-9380.755278234916
nesm,0.166726,0.153205,0.9189,,,optimal,14076036.487562714
woodw,0.160654,0.131939,0.8213,,,optimal,1.3044763330842302
maros,0.140294,0.124687,0.8888,,,optimal,-58063.74370112595
fit1p,0.131298,0.117960,0.8984,,,optimal,9146.378092420951
scsd8,0.114903,0.113415,0.9870,,,optimal,904.999999925463
grow15,0.092465,0.084623,0.9152,,,optimal,-106870941.29357535
ship12l,0.086864,0.069203,0.7967,,,optimal,1470187.919329266
pilot4,0.081000,0.065858,0.8131,,,optimal,-2581.1392588838903
bnl1,0.076627,0.070158,0.9156,,,optimal,1977.629561522892
scfxm3,0.075330,0.068230,0.9057,,,optimal,54901.25454975144
cycle,0.072182,0.059229,0.8206,,,optimal,-5.226393024894103
ship08l,0.063445,0.051111,0.8056,,,optimal,1909055.211389131
modszk1,0.062850,0.057922,0.9216,,,optimal,320.61972906413604
sctap3,0.062228,0.056043,0.9006,,,optimal,1424.0
czprob,0.060394,0.048245,0.7988,,,optimal,2185196.698856578
ganges,0.051796,0.043517,0.8402,,,optimal,-109585.73612927829
sierra,0.050281,0.043482,0.8648,,,optimal,15394362.18363192
stair,0.049722,0.041716,0.8390,,,optimal,-251.2669511929633
scrs8,0.045519,0.035126,0.7717,,,optimal,904.2969538007915
scfxm2,0.040482,0.035454,0.8758,,,optimal,36660.2615649988
sctap2,0.037502,0.032643,0.8704,,,optimal,1724.8071428571427
ship12s,0.036692,0.031994,0.8720,,,optimal,1489236.1344061329
degen2,0.036554,0.033837,0.9257,,,optimal,-1435.1779999999983
ship08s,0.030717,0.025488,0.8298,,,optimal,1920098.2105346185
ship04l,0.029621,0.022979,0.7758,,,optimal,1793324.5379703566
fffff800,0.025159,0.021405,0.8508,,,optimal,555679.5648174962
shell,0.025158,0.028560,1.1352,0.025300,0.021806,optimal,1208825346.0
bandm,0.024132,0.020586,0.8531,,,optimal,-158.62801845012078
etamacro,0.022538,0.019026,0.8441,,,optimal,-755.7152333749129
grow7,0.022524,0.019745,0.8766,,,optimal,-47787811.8147115
scsd6,0.021697,0.019555,0.9012,,,optimal,50.50000007714433
fit1d,0.021118,0.014862,0.7038,,,optimal,-9146.378092420917
boeing1,0.020542,0.019143,0.9319,,,optimal,-335.21356750712687
ship04s,0.018107,0.015216,0.8403,,,optimal,1798714.7004453917
standmps,0.017698,0.014162,0.8002,,,optimal,1406.0175000000013
forplan,0.017575,0.014782,0.8411,,,optimal,-664.2189612721974
tuff,0.017266,0.015103,0.8747,,,optimal,0.2921477650936128
gfrd-pnc,0.016641,0.014806,0.8898,,,optimal,6902235.999548811
scfxm1,0.015801,0.013764,0.8711,,,optimal,18416.759028348944
standgub,0.015471,0.013250,0.8564,,,optimal,1257.6995000000002
seba,0.015215,0.012593,0.8277,,,optimal,15711.599999999999
finnis,0.015014,0.012719,0.8471,,,optimal,172791.06559561167
standata,0.014732,0.012237,0.8306,,,optimal,1257.6995000000002
e226,0.013651,0.011990,0.8783,,,optimal,-11.63892906637053
agg,0.013024,0.011538,0.8859,,,optimal,-35991767.28657649
sctap1,0.013016,0.011552,0.8875,,,optimal,1412.25
scsd1,0.012460,0.009942,0.7979,,,optimal,8.666666674333364
lotfi,0.012080,0.007379,0.6109,,,optimal,-25.26470606188001
scagr25,0.011647,0.009770,0.8388,,,optimal,-14753433.060768526
agg3,0.011074,0.009365,0.8457,,,optimal,10312115.935089223
capri,0.010972,0.009608,0.8757,,,optimal,2690.01291376816
brandy,0.010850,0.009528,0.8782,,,optimal,1518.5098964881288
agg2,0.010598,0.009164,0.8647,,,optimal,-20239252.355977118
stocfor1,0.008081,0.004013,0.4965,,,optimal,-41131.976219436416
beaconfd,0.007362,0.006454,0.8766,,,optimal,33592.48580719999
sc205,0.007359,0.006664,0.9055,,,optimal,-52.2020612117073
share2b,0.006421,0.005551,0.8645,,,optimal,-415.73224074141973
share1b,0.005926,0.010525,1.7762,0.005863,0.005489,optimal,-76589.31857918571
israel,0.005725,0.005041,0.8805,,,optimal,-896644.8218630456
scorpion,0.005661,0.005184,0.9157,,,optimal,1878.1248227381075
boeing2,0.005167,0.004781,0.9253,,,optimal,-315.0187280152027
bore3d,0.004983,0.004373,0.8777,,,optimal,1373.0803942084926
scagr7,0.004959,0.006077,1.2256,0.003338,0.003157,optimal,-2331389.8243309837
vtp.base,0.004642,0.004097,0.8826,,,optimal,129831.46246136139
blend,0.004102,0.005787,1.4106,0.003994,0.003634,optimal,-30.81214984582826
adlittle,0.003131,0.002721,0.8693,,,optimal,225494.9631623802
recipe,0.003112,0.002599,0.8352,,,optimal,-266.61600000000027
sc105,0.002749,0.002378,0.8650,,,optimal,-52.20206121170718
sc50b,0.002431,0.001848,0.7604,,,optimal,-69.99999999999997
kb2,0.002022,0.001854,0.9169,,,optimal,-1749.9001299062056
sc50a,0.001866,0.001731,0.9280,,,optimal,-64.5750770585645
afiro,0.001401,0.001279,0.9130,,,optimal,-464.75314285714285
