name,rows,cols,nnz,highs_code,highs_time,highs_status,highs_obj,ours_code,ours_time,ours_status,ours_obj,ratio_ours_over_highs,obj_match
L1_sixm250obs,986069,428032,4280320,t,600.1374149830008,kTimeLimit,,t,,killed,,,
Linf_520c,93326,69004,566193,t,600.0339613740007,kTimeLimit,,t,,killed,,,
a2864,22117,200787,20078717,t,611.8076588230033,kTimeLimit,,t,,killed,,,
bdry2,376500,250998,1500003,t,600.0979554899968,kTimeLimit,,t,,killed,,,
cont1,160793,250998,399991,ok,304.1832437640005,kOptimal,0.00878248600370569,t,,killed,,,
cont11,160793,80396,439989,t,607.7935029150003,kTimeLimit,,t,,killed,,,
datt256,11077,262144,1503732,t,600.0263577009973,kTimeLimit,,t,,killed,,,
dlr1,1735470,9121907,18365107,t,600.209978576997,kTimeLimit,,t,,killed,,,
ex10,69609,17680,1179680,ok,130.03906893899875,kOptimal,100.00000000000013,t,,killed,,,
fhnw-binschedule1,772872,1141653,8611326,t,600.333686294005,kTimeLimit,,t,,killed,,,
fome13,48569,97840,334984,ok,105.37170617899983,kOptimal,90131168.3733714,ok,405.63345180600027,optimal,90131168.37337139,3.8495481046584916,True
graph40-40,360900,102600,1260900,t,600.0479684689999,kTimeLimit,,t,,killed,,,
irish-electricity,104260,61728,538809,ok,213.76596682000036,kOptimal,2546254.563314395,t,,killed,,,
neos,479120,36786,1084461,ok,520.1945970289999,kOptimal,225425492.20475438,t,,killed,,,
neos3,512209,6624,1542816,t,600.0986292509988,kTimeLimit,,t,,killed,,,
neos-3025225,91572,69846,9357951,t,600.4469101709983,kTimeLimit,,t,,killed,,,
neos-5052403-cygnet,38269,32868,4898304,t,600.0191698649978,kTimeLimit,,t,,killed,,,
neos-5251015,486531,136971,1955388,t,600.089479995997,kTimeLimit,,t,,killed,,,
ns1687037,50622,43749,1406739,t,600.4119033529987,kTimeLimit,,t,,killed,,,
ns1688926,32768,16587,1712128,t,600.011352507001,kTimeLimit,,t,,killed,,,
nug08-3rd,19728,20448,139008,ok,352.2958487279998,kOptimal,214.00000000037113,t,,killed,,,
pds-100,156244,505360,1390539,ok,116.10784827600037,kOptimal,10928229968.0,t,,killed,,,
physiciansched3-3,266228,79555,1062480,t,600.0173610479997,kTimeLimit,,t,,killed,,,
qap15,6331,22275,110700,t,600.0070780829999,kTimeLimit,,t,,killed,,,
rail4284,4284,1092610,12372358,t,600.167986927001,kTimeLimit,,t,,killed,,,
rmine15,358395,42438,879732,t,600.0835805379993,kTimeLimit,,t,,killed,,,
s82,87878,1690631,7022608,t,600.2920685900026,kTimeLimit,,t,,killed,,,
s100,14734,364417,2127672,t,600.0414822029998,kTimeLimit,,t,,killed,,,
s250r10,10963,273142,1572104,ok,147.298183349998,kOptimal,-0.17267704190548075,t,,killed,,,
savsched1,295990,328575,1846351,t,600.0765508889999,kTimeLimit,,t,,killed,,,
scpm1,5000,500000,6250000,t,600.1240043610014,kTimeLimit,,t,,killed,,,
square41,40161,62234,13628623,ok,103.5612304899987,kOptimal,8.839612486545837,t,,killed,,,
stormG2_1000,528186,1259121,4228817,ok,94.44232240700148,kOptimal,15802591.12088125,t,,killed,,,
supportcase10,165685,14770,551152,ok,251.43023184899994,kOptimal,3.383923666138003,t,,killed,,,
tpl-tub-ws1617,1154615,747691,4720567,t,600.1751506910005,kTimeLimit,,t,,killed,,,
woodlands09,194599,382147,2646003,t,600.0357192680021,kTimeLimit,,t,,killed,,,
Dual2_5000,30000600,33050602,93001800,m,,crash rc=1,,m,,crash rc=1,,,
Primal2_1000,1299380,2559380,5498140,t,600.2611808599977,kTimeLimit,,t,,killed,,,
thk_48,6366377,8609262,27802878,m,,crash rc=1,,m,,crash rc=-6,,,
thk_63,5694387,7701112,21592414,m,,crash rc=1,,m,,crash rc=-6,,,
L1_sixm1000obs,3082940,1426256,14262560,t,600.4258619769971,kTimeLimit,,t,,killed,,,
L2CTA3D,210000,10000000,30000000,m,,crash rc=1,,t,,killed,,,
dlr2,7132926,38868107,78091589,m,15.67174354299641,kMemoryLimit,,m,,crash rc=1,,,
set-cover-model,10000,1102008,20442268,t,600.3840110659949,kTimeLimit,,t,,killed,,,
